State_Abbr,County_Name,QMB_Only,QMB_plus_Full,SLMB_only,SLMB_plus_Full,QDWI,QI,Other_full,Public_Total,Date,FIPS
AL,Autauga,668,558,332,35,0,244,132,1969,2018-12-01,01001
AL,Autauga,662,549,328,36,0,236,139,1950,2018-09-01,01001
AL,Autauga,661,551,330,36,0,241,129,1948,2018-06-01,01001
AL,Autauga,671,567,323,33,0,234,119,1947,2018-03-01,01001
AL,Autauga,676,572,324,30,0,229,126,1957,2017-12-01,01001
AL,Autauga,684,573,325,29,0,235,120,1966,2017-09-01,01001
AL,Autauga,672,573,325,29,0,239,123,1961,2017-06-01,01001
AL,Autauga,666,578,331,31,0,239,119,1964,2017-03-01,01001
AL,AUTAUGA,614,472,315,19,0,225,112,1757,2016-12-01,01001
AL,AUTAUGA,601,487,314,18,0,219,110,1749,2016-09-01,01001
AL,AUTAUGA,606,500,309,18,0,216,102,1751,2016-06-01,01001
AL,AUTAUGA,603,501,312,18,0,205,85,1724,2016-03-01,01001
AL,AUTAUGA,596,481,312,16,0,205,98,1708,2015-12-01,01001
AL,AUTAUGA,597,495,321,17,0,202,96,1728,2015-09-01,01001
AL,AUTAUGA,602,497,323,20,0,197,99,1738,2015-06-01,01001
AL,AUTAUGA,592,495,321,23,0,193,96,1720,2015-03-01,01001
AL,Baldwin,2062,1385,1238,99,0,700,361,5845,2018-12-01,01003
AL,Baldwin,2030,1398,1216,101,0,681,327,5753,2018-09-01,01003
AL,Baldwin,2046,1390,1199,107,0,682,353,5777,2018-06-01,01003
AL,Baldwin,2036,1404,1187,112,0,691,329,5759,2018-03-01,01003
AL,Baldwin,2025,1386,1143,95,0,687,333,5669,2017-12-01,01003
AL,Baldwin,2007,1384,1132,100,0,696,341,5660,2017-09-01,01003
AL,Baldwin,1993,1376,1128,103,0,684,331,5615,2017-06-01,01003
AL,Baldwin,1977,1385,1135,117,0,672,325,5611,2017-03-01,01003
AL,BALDWIN,1949,1349,1146,111,0,652,340,5547,2016-12-01,01003
AL,BALDWIN,1921,1368,1141,112,0,647,333,5522,2016-09-01,01003
AL,BALDWIN,1896,1381,1143,111,0,637,336,5504,2016-06-01,01003
AL,BALDWIN,1860,1396,1136,112,0,629,328,5461,2016-03-01,01003
AL,BALDWIN,1864,1373,1116,113,0,638,328,5432,2015-12-01,01003
AL,BALDWIN,1829,1404,1113,114,0,624,336,5420,2015-09-01,01003
AL,BALDWIN,1827,1389,1114,111,0,616,347,5404,2015-06-01,01003
AL,BALDWIN,1812,1410,1116,101,0,606,331,5376,2015-03-01,01003
AL,Barbour,597,642,294,29,0,163,137,1862,2018-12-01,01005
AL,Barbour,591,636,282,27,0,163,138,1837,2018-09-01,01005
AL,Barbour,600,632,274,29,0,163,134,1832,2018-06-01,01005
AL,Barbour,609,645,271,27,0,156,122,1830,2018-03-01,01005
AL,Barbour,590,648,267,31,0,152,124,1812,2017-12-01,01005
AL,Barbour,584,656,265,32,0,146,122,1805,2017-09-01,01005
AL,Barbour,600,653,263,29,0,145,124,1814,2017-06-01,01005
AL,Barbour,596,655,264,30,0,145,119,1809,2017-03-01,01005
AL,BARBOUR,500,549,257,22,0,130,112,1570,2016-12-01,01005
AL,BARBOUR,500,560,261,21,0,130,116,1588,2016-09-01,01005
AL,BARBOUR,482,568,263,20,0,132,110,1575,2016-06-01,01005
AL,BARBOUR,483,572,259,22,0,136,103,1575,2016-03-01,01005
AL,BARBOUR,485,582,252,24,0,136,100,1579,2015-12-01,01005
AL,BARBOUR,482,587,246,26,0,136,101,1578,2015-09-01,01005
AL,BARBOUR,481,582,243,25,0,136,100,1567,2015-06-01,01005
AL,BARBOUR,483,581,239,27,0,132,102,1564,2015-03-01,01005
AL,Bibb,387,450,187,34,0,103,63,1224,2018-12-01,01007
AL,Bibb,382,450,181,32,0,107,66,1218,2018-09-01,01007
AL,Bibb,382,457,178,32,0,107,71,1227,2018-06-01,01007
AL,Bibb,382,467,182,33,0,106,64,1234,2018-03-01,01007
AL,Bibb,385,474,181,37,0,103,61,1241,2017-12-01,01007
AL,Bibb,391,474,176,38,0,98,63,1240,2017-09-01,01007
AL,Bibb,391,470,179,37,0,96,67,1240,2017-06-01,01007
AL,Bibb,392,477,185,34,0,97,68,1253,2017-03-01,01007
AL,BIBB,369,380,182,24,0,97,49,1101,2016-12-01,01007
AL,BIBB,369,379,181,22,0,97,51,1099,2016-09-01,01007
AL,BIBB,380,381,181,19,0,100,46,1107,2016-06-01,01007
AL,BIBB,364,397,191,17,0,99,46,1114,2016-03-01,01007
AL,BIBB,378,411,190,16,0,104,40,1139,2015-12-01,01007
AL,BIBB,375,417,197,18,0,105,41,1153,2015-09-01,01007
AL,BIBB,376,419,200,17,0,93,43,1148,2015-06-01,01007
AL,BIBB,371,421,203,19,0,90,38,1142,2015-03-01,01007
AL,Blount,756,601,434,39,0,303,141,2274,2018-12-01,01009
AL,Blount,747,605,437,37,0,302,135,2263,2018-09-01,01009
AL,Blount,755,605,436,38,0,298,138,2270,2018-06-01,01009
AL,Blount,761,624,442,40,0,301,131,2299,2018-03-01,01009
AL,Blount,785,625,435,39,0,296,138,2318,2017-12-01,01009
AL,Blount,785,625,421,43,0,289,134,2297,2017-09-01,01009
AL,Blount,781,631,416,39,0,289,138,2294,2017-06-01,01009
AL,Blount,774,641,405,38,0,286,130,2274,2017-03-01,01009
AL,BLOUNT,600,467,355,26,0,235,103,1786,2016-12-01,01009
AL,BLOUNT,605,464,348,23,0,235,110,1785,2016-09-01,01009
AL,BLOUNT,595,473,356,24,0,240,104,1792,2016-06-01,01009
AL,BLOUNT,583,464,360,21,0,250,99,1777,2016-03-01,01009
AL,BLOUNT,598,462,362,20,0,251,90,1783,2015-12-01,01009
AL,BLOUNT,598,465,365,20,0,243,90,1781,2015-09-01,01009
AL,BLOUNT,593,469,359,21,0,246,88,1776,2015-06-01,01009
AL,BLOUNT,600,469,363,24,0,241,79,1776,2015-03-01,01009
AL,Bullock,254,250,136,17,0,75,73,805,2018-12-01,01011
AL,Bullock,247,254,135,14,0,75,72,797,2018-09-01,01011
AL,Bullock,242,257,137,14,0,74,69,793,2018-06-01,01011
AL,Bullock,240,258,133,13,0,74,69,787,2018-03-01,01011
AL,Bullock,244,253,136,12,0,76,74,795,2017-12-01,01011
AL,Bullock,240,259,128,15,0,71,72,785,2017-09-01,01011
AL,Bullock,239,264,127,17,0,69,69,785,2017-06-01,01011
AL,Bullock,233,268,131,18,0,66,67,783,2017-03-01,01011
AL,BULLOCK,177,177,75,,0,51,51,531,2016-12-01,01011
AL,BULLOCK,170,180,76,,0,49,50,525,2016-09-01,01011
AL,BULLOCK,171,185,74,,0,47,46,523,2016-06-01,01011
AL,BULLOCK,168,185,74,,0,42,42,511,2016-03-01,01011
AL,BULLOCK,170,184,79,,0,44,42,519,2015-12-01,01011
AL,BULLOCK,163,193,77,,0,43,45,521,2015-09-01,01011
AL,BULLOCK,162,196,73,,0,42,45,518,2015-06-01,01011
AL,BULLOCK,169,200,71,,0,41,43,524,2015-03-01,01011
AL,Butler,457,491,230,29,0,106,90,1403,2018-12-01,01013
AL,Butler,459,498,216,25,0,106,96,1400,2018-09-01,01013
AL,Butler,465,496,220,28,0,102,91,1402,2018-06-01,01013
AL,Butler,463,498,219,23,0,108,84,1395,2018-03-01,01013
AL,Butler,446,493,213,27,0,99,94,1372,2017-12-01,01013
AL,Butler,447,490,212,28,0,101,96,1374,2017-09-01,01013
AL,Butler,443,489,211,27,0,106,95,1371,2017-06-01,01013
AL,Butler,441,498,213,29,0,102,91,1374,2017-03-01,01013
AL,BUTLER,437,434,220,24,0,106,93,1314,2016-12-01,01013
AL,BUTLER,436,431,218,24,0,106,103,1318,2016-09-01,01013
AL,BUTLER,431,434,222,24,0,106,97,1314,2016-06-01,01013
AL,BUTLER,421,452,230,18,0,110,90,1321,2016-03-01,01013
AL,BUTLER,427,458,227,22,0,109,91,1334,2015-12-01,01013
AL,BUTLER,422,464,223,22,0,109,92,1332,2015-09-01,01013
AL,BUTLER,427,452,227,22,0,108,95,1331,2015-06-01,01013
AL,BUTLER,420,456,227,24,0,102,94,1323,2015-03-01,01013
AL,Calhoun,1950,1776,1005,101,0,555,329,5716,2018-12-01,01015
AL,Calhoun,1952,1777,984,99,0,558,325,5695,2018-09-01,01015
AL,Calhoun,1971,1779,979,102,0,565,328,5724,2018-06-01,01015
AL,Calhoun,1988,1816,1012,105,0,565,297,5783,2018-03-01,01015
AL,Calhoun,2034,1821,979,101,0,564,313,5812,2017-12-01,01015
AL,Calhoun,2023,1836,962,104,0,555,321,5801,2017-09-01,01015
AL,Calhoun,2043,1829,948,104,0,558,317,5799,2017-06-01,01015
AL,Calhoun,2036,1856,963,93,0,571,297,5816,2017-03-01,01015
AL,CALHOUN,2112,2025,1113,121,0,628,371,6370,2016-12-01,01015
AL,CALHOUN,2089,2043,1112,126,0,624,382,6376,2016-09-01,01015
AL,CALHOUN,2076,2059,1106,121,0,619,388,6369,2016-06-01,01015
AL,CALHOUN,2042,2059,1138,117,0,600,383,6339,2016-03-01,01015
AL,CALHOUN,2010,2045,1122,116,0,584,372,6249,2015-12-01,01015
AL,CALHOUN,2014,2072,1088,122,0,580,384,6260,2015-09-01,01015
AL,CALHOUN,2014,2066,1058,123,0,569,390,6220,2015-06-01,01015
AL,CALHOUN,2022,2058,1053,107,0,555,344,6139,2015-03-01,01015
AL,Chambers,650,633,392,51,0,233,155,2114,2018-12-01,01017
AL,Chambers,650,634,395,48,0,228,153,2108,2018-09-01,01017
AL,Chambers,650,634,401,48,0,232,156,2121,2018-06-01,01017
AL,Chambers,642,642,399,53,0,236,144,2116,2018-03-01,01017
AL,Chambers,654,629,402,53,0,235,144,2117,2017-12-01,01017
AL,Chambers,651,634,406,51,0,232,145,2119,2017-09-01,01017
AL,Chambers,652,634,403,47,0,235,146,2117,2017-06-01,01017
AL,Chambers,646,639,399,47,0,237,147,2115,2017-03-01,01017
AL,CHAMBERS,639,562,390,35,0,235,132,1993,2016-12-01,01017
AL,CHAMBERS,646,564,389,33,0,233,136,2001,2016-09-01,01017
AL,CHAMBERS,654,566,389,32,0,233,133,2007,2016-06-01,01017
AL,CHAMBERS,650,565,391,28,0,236,130,2000,2016-03-01,01017
AL,CHAMBERS,643,594,388,37,0,240,148,2050,2015-12-01,01017
AL,CHAMBERS,643,598,388,36,0,239,150,2054,2015-09-01,01017
AL,CHAMBERS,629,601,384,36,0,240,159,2049,2015-06-01,01017
AL,CHAMBERS,633,601,384,35,0,242,155,2050,2015-03-01,01017
AL,Cherokee,526,389,311,28,0,214,80,1548,2018-12-01,01019
AL,Cherokee,527,385,303,28,0,220,85,1548,2018-09-01,01019
AL,Cherokee,534,385,304,28,0,219,86,1556,2018-06-01,01019
AL,Cherokee,536,383,303,23,0,213,83,1541,2018-03-01,01019
AL,Cherokee,553,381,289,23,0,212,83,1541,2017-12-01,01019
AL,Cherokee,555,388,287,25,0,211,85,1551,2017-09-01,01019
AL,Cherokee,548,389,275,25,0,211,93,1541,2017-06-01,01019
AL,Cherokee,552,396,271,26,0,213,97,1555,2017-03-01,01019
AL,CHEROKEE,447,290,248,12,0,174,74,1245,2016-12-01,01019
AL,CHEROKEE,442,287,247,14,0,171,77,1238,2016-09-01,01019
AL,CHEROKEE,442,289,250,14,0,168,72,1235,2016-06-01,01019
AL,CHEROKEE,421,293,252,14,0,170,65,1215,2016-03-01,01019
AL,CHEROKEE,424,290,249,14,0,171,66,1214,2015-12-01,01019
AL,CHEROKEE,428,289,253,11,0,167,67,1215,2015-09-01,01019
AL,CHEROKEE,429,287,245,11,0,165,67,1204,2015-06-01,01019
AL,CHEROKEE,446,288,246,11,0,158,70,1219,2015-03-01,01019
AL,Chilton,706,592,342,37,0,213,119,2009,2018-12-01,01021
AL,Chilton,700,585,339,36,0,217,112,1989,2018-09-01,01021
AL,Chilton,698,582,331,37,0,210,114,1972,2018-06-01,01021
AL,Chilton,701,584,343,37,0,216,103,1984,2018-03-01,01021
AL,Chilton,695,587,350,42,0,216,118,2008,2017-12-01,01021
AL,Chilton,697,591,358,40,0,216,115,2017,2017-09-01,01021
AL,Chilton,705,592,346,39,0,216,105,2003,2017-06-01,01021
AL,Chilton,695,598,359,36,0,219,102,2009,2017-03-01,01021
AL,CHILTON,598,505,336,31,0,208,112,1790,2016-12-01,01021
AL,CHILTON,599,514,329,35,0,206,109,1792,2016-09-01,01021
AL,CHILTON,600,521,323,33,0,205,101,1783,2016-06-01,01021
AL,CHILTON,590,536,334,36,0,207,97,1800,2016-03-01,01021
AL,CHILTON,601,528,328,34,0,205,96,1792,2015-12-01,01021
AL,CHILTON,592,533,332,37,0,204,100,1798,2015-09-01,01021
AL,CHILTON,598,529,337,35,0,202,103,1804,2015-06-01,01021
AL,CHILTON,596,533,340,36,0,199,105,1809,2015-03-01,01021
AL,Choctaw,329,393,139,20,0,75,64,1020,2018-12-01,01023
AL,Choctaw,336,381,140,22,0,73,64,1016,2018-09-01,01023
AL,Choctaw,332,382,134,24,0,72,64,1008,2018-06-01,01023
AL,Choctaw,333,387,135,20,0,69,68,1012,2018-03-01,01023
AL,Choctaw,321,379,133,27,0,68,66,994,2017-12-01,01023
AL,Choctaw,309,384,129,26,0,69,71,988,2017-09-01,01023
AL,Choctaw,313,373,135,26,0,67,70,984,2017-06-01,01023
AL,Choctaw,313,382,135,26,0,66,67,989,2017-03-01,01023
AL,CHOCTAW,292,348,124,27,0,59,57,907,2016-12-01,01023
AL,CHOCTAW,290,347,122,27,0,59,63,908,2016-09-01,01023
AL,CHOCTAW,292,347,119,29,0,61,63,911,2016-06-01,01023
AL,CHOCTAW,294,350,121,28,0,58,60,911,2016-03-01,01023
AL,CHOCTAW,294,350,125,27,0,61,61,918,2015-12-01,01023
AL,CHOCTAW,295,352,125,26,0,59,60,917,2015-09-01,01023
AL,CHOCTAW,299,352,121,26,0,58,61,917,2015-06-01,01023
AL,CHOCTAW,293,352,124,24,0,55,62,910,2015-03-01,01023
AL,Clarke,513,618,235,33,0,124,115,1638,2018-12-01,01025
AL,Clarke,509,627,236,31,0,120,111,1634,2018-09-01,01025
AL,Clarke,509,630,230,34,0,120,113,1636,2018-06-01,01025
AL,Clarke,510,630,231,36,0,123,110,1640,2018-03-01,01025
AL,Clarke,493,627,225,35,0,119,108,1607,2017-12-01,01025
AL,Clarke,486,628,224,33,0,116,112,1599,2017-09-01,01025
AL,Clarke,475,626,223,31,0,120,115,1590,2017-06-01,01025
AL,Clarke,468,627,223,29,0,115,109,1571,2017-03-01,01025
AL,CLARKE,512,754,252,34,0,118,122,1792,2016-12-01,01025
AL,CLARKE,514,758,256,35,0,117,139,1819,2016-09-01,01025
AL,CLARKE,510,756,258,32,0,119,140,1815,2016-06-01,01025
AL,CLARKE,504,754,268,31,0,117,134,1808,2016-03-01,01025
AL,CLARKE,499,777,270,32,0,119,125,1822,2015-12-01,01025
AL,CLARKE,498,775,257,32,0,114,129,1805,2015-09-01,01025
AL,CLARKE,495,772,258,31,0,112,122,1790,2015-06-01,01025
AL,CLARKE,507,782,254,32,0,111,128,1814,2015-03-01,01025
AL,Clay,292,252,179,35,0,87,85,930,2018-12-01,01027
AL,Clay,295,252,176,38,0,82,84,927,2018-09-01,01027
AL,Clay,286,251,177,37,0,82,87,920,2018-06-01,01027
AL,Clay,284,253,172,41,0,78,79,907,2018-03-01,01027
AL,Clay,289,254,173,39,0,78,80,913,2017-12-01,01027
AL,Clay,280,253,168,41,0,76,84,902,2017-09-01,01027
AL,Clay,277,256,172,43,0,77,81,906,2017-06-01,01027
AL,Clay,271,263,170,40,0,84,84,912,2017-03-01,01027
AL,CLAY,256,221,153,32,0,82,59,803,2016-12-01,01027
AL,CLAY,252,220,155,33,0,85,65,810,2016-09-01,01027
AL,CLAY,255,218,150,31,0,84,61,799,2016-06-01,01027
AL,CLAY,256,219,148,28,0,84,57,792,2016-03-01,01027
AL,CLAY,247,219,148,25,0,78,61,778,2015-12-01,01027
AL,CLAY,252,221,144,27,0,77,60,781,2015-09-01,01027
AL,CLAY,252,218,140,30,0,79,61,780,2015-06-01,01027
AL,CLAY,253,216,141,28,0,76,53,767,2015-03-01,01027
AL,Cleburne,235,202,146,21,0,82,48,734,2018-12-01,01029
AL,Cleburne,238,205,141,18,0,74,44,720,2018-09-01,01029
AL,Cleburne,239,203,139,19,0,77,48,725,2018-06-01,01029
AL,Cleburne,241,200,146,19,0,85,50,741,2018-03-01,01029
AL,Cleburne,241,200,141,20,0,81,53,736,2017-12-01,01029
AL,Cleburne,242,204,139,21,0,80,51,737,2017-09-01,01029
AL,Cleburne,251,199,138,21,0,78,50,737,2017-06-01,01029
AL,Cleburne,250,197,139,20,0,81,49,736,2017-03-01,01029
AL,CLEBURNE,238,192,152,16,0,82,44,724,2016-12-01,01029
AL,CLEBURNE,239,189,151,16,0,82,47,724,2016-09-01,01029
AL,CLEBURNE,240,193,149,13,0,82,45,722,2016-06-01,01029
AL,CLEBURNE,231,198,150,15,0,86,42,722,2016-03-01,01029
AL,CLEBURNE,231,197,154,17,0,85,38,722,2015-12-01,01029
AL,CLEBURNE,233,203,155,16,0,89,41,737,2015-09-01,01029
AL,CLEBURNE,230,202,155,17,0,86,41,731,2015-06-01,01029
AL,CLEBURNE,234,209,159,16,0,84,44,746,2015-03-01,01029
AL,Coffee,732,640,303,62,0,187,150,2074,2018-12-01,01031
AL,Coffee,730,648,312,57,0,186,146,2079,2018-09-01,01031
AL,Coffee,713,660,309,53,0,192,148,2075,2018-06-01,01031
AL,Coffee,722,663,305,53,0,182,143,2068,2018-03-01,01031
AL,Coffee,706,655,303,57,0,179,143,2043,2017-12-01,01031
AL,Coffee,686,678,297,60,0,174,140,2035,2017-09-01,01031
AL,Coffee,677,679,298,53,0,178,147,2032,2017-06-01,01031
AL,Coffee,673,691,301,52,0,175,142,2034,2017-03-01,01031
AL,COFFEE,638,579,309,29,0,160,117,1832,2016-12-01,01031
AL,COFFEE,645,570,310,30,0,160,125,1840,2016-09-01,01031
AL,COFFEE,635,574,316,27,0,162,118,1832,2016-06-01,01031
AL,COFFEE,636,567,313,25,0,156,91,1788,2016-03-01,01031
AL,COFFEE,631,570,298,27,0,154,87,1767,2015-12-01,01031
AL,COFFEE,610,570,300,27,0,145,90,1742,2015-09-01,01031
AL,COFFEE,597,572,293,28,0,150,95,1735,2015-06-01,01031
AL,COFFEE,594,580,282,27,0,146,99,1728,2015-03-01,01031
AL,Colbert,1006,835,540,51,0,251,183,2866,2018-12-01,01033
AL,Colbert,998,849,539,46,0,257,181,2870,2018-09-01,01033
AL,Colbert,1005,854,526,48,0,248,186,2867,2018-06-01,01033
AL,Colbert,999,870,542,49,0,244,175,2879,2018-03-01,01033
AL,Colbert,995,871,533,51,0,245,177,2872,2017-12-01,01033
AL,Colbert,965,879,523,53,0,248,180,2848,2017-09-01,01033
AL,Colbert,942,884,526,54,0,253,175,2834,2017-06-01,01033
AL,Colbert,933,889,536,51,0,250,171,2830,2017-03-01,01033
AL,COLBERT,891,775,482,48,0,237,169,2602,2016-12-01,01033
AL,COLBERT,876,784,475,48,0,233,176,2592,2016-09-01,01033
AL,COLBERT,879,792,481,47,0,241,173,2613,2016-06-01,01033
AL,COLBERT,873,807,485,47,0,242,168,2622,2016-03-01,01033
AL,COLBERT,869,810,492,47,0,235,163,2616,2015-12-01,01033
AL,COLBERT,872,831,487,47,0,230,165,2632,2015-09-01,01033
AL,COLBERT,876,823,482,52,0,229,168,2630,2015-06-01,01033
AL,COLBERT,876,827,483,48,0,217,165,2616,2015-03-01,01033
AL,Conecuh,356,316,159,13,0,83,51,978,2018-12-01,01035
AL,Conecuh,357,320,159,13,0,82,53,984,2018-09-01,01035
AL,Conecuh,363,319,161,13,0,85,51,992,2018-06-01,01035
AL,Conecuh,361,320,159,,0,80,49,969,2018-03-01,01035
AL,Conecuh,380,332,157,,0,87,51,1007,2017-12-01,01035
AL,Conecuh,384,327,159,,0,82,57,1009,2017-09-01,01035
AL,Conecuh,388,323,154,,0,82,59,1006,2017-06-01,01035
AL,Conecuh,377,329,155,12,0,85,53,1011,2017-03-01,01035
AL,CONECUH,349,291,152,,0,76,52,920,2016-12-01,01035
AL,CONECUH,340,289,143,12,0,72,53,909,2016-09-01,01035
AL,CONECUH,341,294,144,,0,73,51,903,2016-06-01,01035
AL,CONECUH,332,301,145,,0,74,48,900,2016-03-01,01035
AL,CONECUH,319,295,151,,0,73,50,888,2015-12-01,01035
AL,CONECUH,314,296,151,,0,73,52,886,2015-09-01,01035
AL,CONECUH,318,297,151,,0,73,56,895,2015-06-01,01035
AL,CONECUH,324,303,149,11,0,71,45,903,2015-03-01,01035
AL,Coosa,213,169,154,,0,75,19,630,2018-12-01,01037
AL,Coosa,213,167,148,,0,73,16,617,2018-09-01,01037
AL,Coosa,208,169,146,,0,68,15,606,2018-06-01,01037
AL,Coosa,209,171,147,,0,71,11,609,2018-03-01,01037
AL,Coosa,201,172,142,,0,69,11,595,2017-12-01,01037
AL,Coosa,198,176,141,,0,69,,584,2017-09-01,01037
AL,Coosa,192,175,141,,0,68,12,588,2017-06-01,01037
AL,Coosa,199,177,135,,0,69,,580,2017-03-01,01037
AL,COOSA,218,183,156,,0,77,20,654,2016-12-01,01037
AL,COOSA,216,184,152,,0,73,16,641,2016-09-01,01037
AL,COOSA,218,186,149,,0,70,16,639,2016-06-01,01037
AL,COOSA,219,176,153,,0,70,18,636,2016-03-01,01037
AL,COOSA,226,186,153,,0,69,16,650,2015-12-01,01037
AL,COOSA,227,184,146,,0,67,19,643,2015-09-01,01037
AL,COOSA,226,183,142,,0,70,14,635,2015-06-01,01037
AL,COOSA,222,185,142,,0,71,16,636,2015-03-01,01037
AL,Covington,844,731,398,69,0,218,147,2407,2018-12-01,01039
AL,Covington,841,738,388,67,0,218,151,2403,2018-09-01,01039
AL,Covington,835,753,384,60,0,215,154,2401,2018-06-01,01039
AL,Covington,835,763,384,71,0,207,138,2398,2018-03-01,01039
AL,Covington,821,763,385,71,0,217,138,2395,2017-12-01,01039
AL,Covington,808,771,374,72,0,221,147,2393,2017-09-01,01039
AL,Covington,812,766,371,65,0,220,142,2376,2017-06-01,01039
AL,Covington,799,767,372,67,0,219,145,2369,2017-03-01,01039
AL,COVINGTON,809,829,401,69,0,220,158,2486,2016-12-01,01039
AL,COVINGTON,811,822,401,64,0,228,170,2496,2016-09-01,01039
AL,COVINGTON,798,846,406,67,0,225,150,2492,2016-06-01,01039
AL,COVINGTON,803,843,410,71,0,226,143,2496,2016-03-01,01039
AL,COVINGTON,805,841,409,68,0,223,139,2485,2015-12-01,01039
AL,COVINGTON,798,851,410,67,0,220,142,2488,2015-09-01,01039
AL,COVINGTON,810,839,412,70,0,221,145,2497,2015-06-01,01039
AL,COVINGTON,809,846,403,72,0,218,142,2490,2015-03-01,01039
AL,Crenshaw,350,294,172,21,0,112,54,1003,2018-12-01,01041
AL,Crenshaw,355,300,170,19,0,110,53,1007,2018-09-01,01041
AL,Crenshaw,357,298,164,19,0,113,52,1003,2018-06-01,01041
AL,Crenshaw,358,309,164,18,0,103,53,1005,2018-03-01,01041
AL,Crenshaw,371,309,162,16,0,98,55,1011,2017-12-01,01041
AL,Crenshaw,362,323,168,15,0,99,51,1018,2017-09-01,01041
AL,Crenshaw,355,323,164,12,0,98,55,1007,2017-06-01,01041
AL,Crenshaw,360,330,160,14,0,100,52,1016,2017-03-01,01041
AL,CRENSHAW,325,302,152,14,0,90,52,935,2016-12-01,01041
AL,CRENSHAW,322,302,155,16,0,90,56,941,2016-09-01,01041
AL,CRENSHAW,322,304,153,16,0,88,54,937,2016-06-01,01041
AL,CRENSHAW,309,306,161,19,0,81,52,928,2016-03-01,01041
AL,CRENSHAW,307,305,161,20,0,85,50,928,2015-12-01,01041
AL,CRENSHAW,315,307,154,18,0,83,50,927,2015-09-01,01041
AL,CRENSHAW,313,308,158,20,0,80,47,926,2015-06-01,01041
AL,CRENSHAW,310,316,160,18,0,82,45,931,2015-03-01,01041
AL,Cullman,1305,1147,808,76,0,512,288,4136,2018-12-01,01043
AL,Cullman,1317,1170,810,76,0,509,278,4160,2018-09-01,01043
AL,Cullman,1325,1174,806,78,0,510,288,4181,2018-06-01,01043
AL,Cullman,1349,1208,803,81,0,510,274,4225,2018-03-01,01043
AL,Cullman,1338,1193,806,75,0,503,268,4183,2017-12-01,01043
AL,Cullman,1339,1224,819,74,0,495,260,4211,2017-09-01,01043
AL,Cullman,1325,1203,819,70,0,509,262,4188,2017-06-01,01043
AL,Cullman,1297,1203,853,76,0,498,259,4186,2017-03-01,01043
AL,CULLMAN,1311,1238,862,72,0,507,287,4277,2016-12-01,01043
AL,CULLMAN,1299,1259,865,74,0,497,281,4275,2016-09-01,01043
AL,CULLMAN,1292,1261,846,76,0,490,273,4238,2016-06-01,01043
AL,CULLMAN,1284,1254,859,75,0,483,271,4226,2016-03-01,01043
AL,CULLMAN,1271,1241,863,81,0,497,240,4193,2015-12-01,01043
AL,CULLMAN,1272,1246,855,77,0,481,251,4182,2015-09-01,01043
AL,CULLMAN,1272,1266,846,75,0,461,252,4172,2015-06-01,01043
AL,CULLMAN,1291,1287,845,72,0,464,246,4205,2015-03-01,01043
AL,Dale,807,823,377,52,0,213,135,2407,2018-12-01,01045
AL,Dale,796,838,370,50,0,206,142,2402,2018-09-01,01045
AL,Dale,788,843,362,50,0,204,135,2382,2018-06-01,01045
AL,Dale,783,842,349,49,0,195,125,2343,2018-03-01,01045
AL,Dale,787,843,341,46,0,192,133,2342,2017-12-01,01045
AL,Dale,775,842,337,48,0,194,132,2328,2017-09-01,01045
AL,Dale,780,842,327,49,0,192,129,2319,2017-06-01,01045
AL,Dale,776,848,317,49,0,196,121,2307,2017-03-01,01045
AL,DALE,806,867,399,60,0,228,126,2486,2016-12-01,01045
AL,DALE,811,867,400,56,0,218,140,2492,2016-09-01,01045
AL,DALE,811,882,389,58,0,219,130,2489,2016-06-01,01045
AL,DALE,807,890,387,56,0,219,128,2487,2016-03-01,01045
AL,DALE,791,886,399,51,0,230,132,2489,2015-12-01,01045
AL,DALE,791,895,403,53,0,221,133,2496,2015-09-01,01045
AL,DALE,782,888,402,55,0,217,134,2478,2015-06-01,01045
AL,DALE,770,908,390,54,0,213,124,2459,2015-03-01,01045
AL,Dallas,1254,1531,600,51,0,309,225,3970,2018-12-01,01047
AL,Dallas,1234,1517,587,47,0,294,236,3915,2018-09-01,01047
AL,Dallas,1232,1514,586,42,0,290,238,3902,2018-06-01,01047
AL,Dallas,1232,1537,580,43,0,284,224,3900,2018-03-01,01047
AL,Dallas,1235,1556,575,45,0,282,230,3923,2017-12-01,01047
AL,Dallas,1219,1559,553,48,0,272,227,3878,2017-09-01,01047
AL,Dallas,1212,1563,553,50,0,271,222,3871,2017-06-01,01047
AL,Dallas,1188,1570,564,51,0,265,215,3853,2017-03-01,01047
AL,DALLAS,1321,1902,633,68,0,290,271,4485,2016-12-01,01047
AL,DALLAS,1318,1900,642,66,0,277,291,4494,2016-09-01,01047
AL,DALLAS,1305,1917,638,70,0,277,283,4490,2016-06-01,01047
AL,DALLAS,1303,1936,629,70,0,271,285,4494,2016-03-01,01047
AL,DALLAS,1308,1911,645,67,0,265,275,4471,2015-12-01,01047
AL,DALLAS,1299,1939,643,68,0,259,280,4488,2015-09-01,01047
AL,DALLAS,1298,1922,641,64,0,255,284,4464,2015-06-01,01047
AL,DALLAS,1292,1941,632,78,0,256,273,4472,2015-03-01,01047
AL,DeKalb,1286,1079,663,86,0,430,207,3751,2018-12-01,01049
AL,DeKalb,1277,1084,648,86,0,429,212,3736,2018-09-01,01049
AL,DeKalb,1281,1091,641,82,0,442,209,3746,2018-06-01,01049
AL,DeKalb,1307,1096,659,79,0,444,206,3791,2018-03-01,01049
AL,DeKalb,1290,1118,638,76,0,426,217,3765,2017-12-01,01049
AL,DeKalb,1321,1123,627,78,0,419,211,3779,2017-09-01,01049
AL,DeKalb,1326,1115,623,72,0,420,220,3776,2017-06-01,01049
AL,DeKalb,1308,1131,623,71,0,420,210,3763,2017-03-01,01049
AL,DE KALB,1199,869,662,43,0,397,168,3338,2016-12-01,01049
AL,DE KALB,1192,889,662,45,0,405,169,3362,2016-09-01,01049
AL,DE KALB,1179,896,650,41,0,401,153,3320,2016-06-01,01049
AL,DE KALB,1165,898,651,45,0,409,157,3325,2016-03-01,01049
AL,DE KALB,1140,905,650,44,0,403,140,3282,2015-12-01,01049
AL,DE KALB,1146,915,647,47,0,404,144,3303,2015-09-01,01049
AL,DE KALB,1150,910,644,41,0,399,152,3296,2015-06-01,01049
AL,DE KALB,1158,917,641,40,0,401,151,3308,2015-03-01,01049
AL,Elmore,940,828,477,47,0,293,215,2800,2018-12-01,01051
AL,Elmore,943,827,463,46,0,283,204,2766,2018-09-01,01051
AL,Elmore,948,816,447,48,0,286,215,2760,2018-06-01,01051
AL,Elmore,963,822,458,48,0,273,187,2751,2018-03-01,01051
AL,Elmore,945,826,428,48,0,279,199,2725,2017-12-01,01051
AL,Elmore,934,832,417,50,0,276,199,2708,2017-09-01,01051
AL,Elmore,926,834,428,49,0,273,198,2708,2017-06-01,01051
AL,Elmore,897,851,444,52,0,278,200,2722,2017-03-01,01051
AL,ELMORE,879,780,475,40,0,300,190,2664,2016-12-01,01051
AL,ELMORE,858,788,470,43,0,297,188,2644,2016-09-01,01051
AL,ELMORE,862,786,470,44,0,292,176,2630,2016-06-01,01051
AL,ELMORE,854,781,471,44,0,287,179,2616,2016-03-01,01051
AL,ELMORE,861,788,477,41,0,276,169,2612,2015-12-01,01051
AL,ELMORE,850,801,481,42,0,278,168,2620,2015-09-01,01051
AL,ELMORE,859,797,478,41,0,278,165,2618,2015-06-01,01051
AL,ELMORE,861,791,468,38,0,282,168,2608,2015-03-01,01051
AL,Escambia,703,636,368,33,0,192,117,2049,2018-12-01,01053
AL,Escambia,690,638,373,30,0,188,118,2037,2018-09-01,01053
AL,Escambia,694,636,368,33,0,179,114,2024,2018-06-01,01053
AL,Escambia,693,643,370,30,0,184,113,2033,2018-03-01,01053
AL,Escambia,686,665,356,31,0,185,113,2036,2017-12-01,01053
AL,Escambia,675,667,354,28,0,184,110,2018,2017-09-01,01053
AL,Escambia,681,674,355,30,0,180,107,2027,2017-06-01,01053
AL,Escambia,672,677,357,33,0,182,104,2025,2017-03-01,01053
AL,ESCAMBIA,656,607,333,37,0,181,103,1917,2016-12-01,01053
AL,ESCAMBIA,663,605,327,36,0,179,115,1925,2016-09-01,01053
AL,ESCAMBIA,663,597,331,35,0,172,118,1916,2016-06-01,01053
AL,ESCAMBIA,663,595,325,37,0,171,111,1902,2016-03-01,01053
AL,ESCAMBIA,662,588,338,37,0,172,111,1908,2015-12-01,01053
AL,ESCAMBIA,638,595,331,35,0,169,110,1878,2015-09-01,01053
AL,ESCAMBIA,632,599,335,32,0,169,114,1881,2015-06-01,01053
AL,ESCAMBIA,624,612,331,30,0,166,110,1873,2015-03-01,01053
AL,Etowah,2020,1852,1088,116,0,633,385,6094,2018-12-01,01055
AL,Etowah,1985,1871,1061,108,0,622,374,6021,2018-09-01,01055
AL,Etowah,2014,1878,1059,112,0,624,396,6083,2018-06-01,01055
AL,Etowah,2034,1896,1058,105,0,616,355,6064,2018-03-01,01055
AL,Etowah,2045,1892,1030,109,0,584,364,6024,2017-12-01,01055
AL,Etowah,2030,1903,1018,103,0,589,367,6010,2017-09-01,01055
AL,Etowah,2001,1913,1018,105,0,598,363,5998,2017-06-01,01055
AL,Etowah,1979,1928,1012,106,0,603,354,5982,2017-03-01,01055
AL,ETOWAH,1954,2150,1113,146,0,603,421,6387,2016-12-01,01055
AL,ETOWAH,1933,2178,1108,150,0,605,436,6410,2016-09-01,01055
AL,ETOWAH,1927,2172,1089,151,0,604,437,6380,2016-06-01,01055
AL,ETOWAH,1898,2188,1096,155,0,602,419,6358,2016-03-01,01055
AL,ETOWAH,1881,2169,1118,150,0,605,418,6341,2015-12-01,01055
AL,ETOWAH,1861,2191,1091,152,0,607,421,6323,2015-09-01,01055
AL,ETOWAH,1859,2190,1070,159,0,615,413,6306,2015-06-01,01055
AL,ETOWAH,1850,2189,1054,153,0,607,394,6247,2015-03-01,01055
AL,Fayette,310,448,159,48,0,100,110,1175,2018-12-01,01057
AL,Fayette,311,450,162,51,0,101,105,1180,2018-09-01,01057
AL,Fayette,326,447,158,48,0,98,106,1183,2018-06-01,01057
AL,Fayette,332,449,155,47,0,96,99,1178,2018-03-01,01057
AL,Fayette,318,443,155,43,0,103,97,1159,2017-12-01,01057
AL,Fayette,324,437,156,44,0,98,109,1168,2017-09-01,01057
AL,Fayette,321,437,157,42,0,99,104,1160,2017-06-01,01057
AL,Fayette,320,440,168,40,0,101,95,1164,2017-03-01,01057
AL,FAYETTE,276,328,143,24,0,85,72,928,2016-12-01,01057
AL,FAYETTE,277,335,142,22,0,87,71,934,2016-09-01,01057
AL,FAYETTE,277,339,143,25,0,83,62,929,2016-06-01,01057
AL,FAYETTE,283,398,161,34,0,85,59,1020,2016-03-01,01057
AL,FAYETTE,264,337,157,28,0,88,57,931,2015-12-01,01057
AL,FAYETTE,271,343,149,27,0,88,57,935,2015-09-01,01057
AL,FAYETTE,272,347,151,30,0,83,58,941,2015-06-01,01057
AL,FAYETTE,277,335,148,31,0,82,55,928,2015-03-01,01057
AL,Franklin,567,502,283,45,0,165,97,1659,2018-12-01,01059
AL,Franklin,561,506,286,41,0,173,96,1663,2018-09-01,01059
AL,Franklin,564,502,280,43,0,179,101,1669,2018-06-01,01059
AL,Franklin,570,510,287,40,0,177,94,1678,2018-03-01,01059
AL,Franklin,545,492,291,40,0,188,104,1660,2017-12-01,01059
AL,Franklin,551,489,291,42,0,183,111,1667,2017-09-01,01059
AL,Franklin,562,487,296,44,0,175,106,1670,2017-06-01,01059
AL,Franklin,553,494,298,42,0,176,105,1668,2017-03-01,01059
AL,FRANKLIN,585,491,317,46,0,182,97,1718,2016-12-01,01059
AL,FRANKLIN,579,493,312,46,0,185,97,1712,2016-09-01,01059
AL,FRANKLIN,566,499,312,45,0,184,94,1700,2016-06-01,01059
AL,FRANKLIN,568,500,317,48,0,172,96,1701,2016-03-01,01059
AL,FRANKLIN,563,495,319,43,0,176,102,1698,2015-12-01,01059
AL,FRANKLIN,568,508,324,46,0,181,100,1727,2015-09-01,01059
AL,FRANKLIN,563,508,329,50,0,182,104,1736,2015-06-01,01059
AL,FRANKLIN,571,507,324,46,0,186,101,1735,2015-03-01,01059
AL,Geneva,593,512,291,46,0,193,98,1733,2018-12-01,01061
AL,Geneva,598,507,283,44,0,191,96,1719,2018-09-01,01061
AL,Geneva,596,517,283,43,0,192,97,1728,2018-06-01,01061
AL,Geneva,598,532,274,44,0,200,88,1736,2018-03-01,01061
AL,Geneva,594,543,284,42,0,202,97,1762,2017-12-01,01061
AL,Geneva,587,536,278,45,0,200,100,1746,2017-09-01,01061
AL,Geneva,588,534,284,41,0,199,105,1751,2017-06-01,01061
AL,Geneva,584,542,283,40,0,195,99,1743,2017-03-01,01061
AL,GENEVA,587,518,290,36,0,195,95,1721,2016-12-01,01061
AL,GENEVA,578,529,290,38,0,187,94,1716,2016-09-01,01061
AL,GENEVA,566,532,292,39,0,186,96,1711,2016-06-01,01061
AL,GENEVA,566,541,290,40,0,184,83,1704,2016-03-01,01061
AL,GENEVA,555,539,300,38,0,179,78,1689,2015-12-01,01061
AL,GENEVA,558,540,299,39,0,177,80,1693,2015-09-01,01061
AL,GENEVA,554,539,293,39,0,180,78,1683,2015-06-01,01061
AL,GENEVA,543,536,293,36,0,180,81,1669,2015-03-01,01061
AL,Greene,241,351,113,14,0,68,58,845,2018-12-01,01063
AL,Greene,238,344,110,12,0,65,57,826,2018-09-01,01063
AL,Greene,240,343,111,11,0,65,53,823,2018-06-01,01063
AL,Greene,239,340,115,11,0,60,53,818,2018-03-01,01063
AL,Greene,239,336,113,,0,58,55,801,2017-12-01,01063
AL,Greene,238,337,109,12,0,55,53,804,2017-09-01,01063
AL,Greene,229,332,105,14,0,56,57,793,2017-06-01,01063
AL,Greene,226,341,103,13,0,56,51,790,2017-03-01,01063
AL,GREENE,217,301,100,,0,59,53,730,2016-12-01,01063
AL,GREENE,216,308,99,,0,58,51,732,2016-09-01,01063
AL,GREENE,212,309,98,,0,56,50,725,2016-06-01,01063
AL,GREENE,200,311,98,,0,55,45,709,2016-03-01,01063
AL,GREENE,200,311,96,,0,54,46,707,2015-12-01,01063
AL,GREENE,204,306,92,,0,55,45,702,2015-09-01,01063
AL,GREENE,205,306,92,,0,54,39,696,2015-06-01,01063
AL,GREENE,196,310,90,,0,54,38,688,2015-03-01,01063
AL,Hale,484,488,208,24,0,99,87,1390,2018-12-01,01065
AL,Hale,475,498,211,24,0,101,84,1393,2018-09-01,01065
AL,Hale,483,500,201,25,0,99,88,1396,2018-06-01,01065
AL,Hale,481,504,202,17,0,99,84,1387,2018-03-01,01065
AL,Hale,479,499,201,18,0,93,88,1378,2017-12-01,01065
AL,Hale,475,504,198,16,0,90,90,1373,2017-09-01,01065
AL,Hale,478,495,197,16,0,84,93,1363,2017-06-01,01065
AL,Hale,462,502,206,15,0,80,80,1345,2017-03-01,01065
AL,HALE,474,471,223,20,0,91,80,1359,2016-12-01,01065
AL,HALE,479,469,217,18,0,93,88,1364,2016-09-01,01065
AL,HALE,479,461,222,18,0,91,87,1358,2016-06-01,01065
AL,HALE,469,465,223,21,0,94,75,1347,2016-03-01,01065
AL,HALE,474,472,226,14,0,94,64,1344,2015-12-01,01065
AL,HALE,464,474,224,15,0,95,62,1334,2015-09-01,01065
AL,HALE,472,472,223,13,0,87,64,1331,2015-06-01,01065
AL,HALE,470,478,219,12,0,88,66,1333,2015-03-01,01065
AL,Henry,358,300,193,30,0,111,75,1067,2018-12-01,01067
AL,Henry,352,305,192,29,0,105,73,1056,2018-09-01,01067
AL,Henry,347,308,190,28,0,108,71,1052,2018-06-01,01067
AL,Henry,349,308,183,25,0,113,70,1048,2018-03-01,01067
AL,Henry,351,314,182,23,0,107,75,1052,2017-12-01,01067
AL,Henry,354,310,176,22,0,106,76,1044,2017-09-01,01067
AL,Henry,353,307,176,24,0,111,72,1043,2017-06-01,01067
AL,Henry,359,317,174,25,0,109,64,1048,2017-03-01,01067
AL,HENRY,332,288,180,21,0,116,68,1005,2016-12-01,01067
AL,HENRY,334,281,177,24,0,114,79,1009,2016-09-01,01067
AL,HENRY,330,280,172,25,0,113,69,989,2016-06-01,01067
AL,HENRY,332,283,173,25,0,120,62,995,2016-03-01,01067
AL,HENRY,317,292,179,29,0,124,65,1006,2015-12-01,01067
AL,HENRY,318,297,179,29,0,117,70,1010,2015-09-01,01067
AL,HENRY,316,300,176,29,0,112,66,999,2015-06-01,01067
AL,HENRY,309,307,173,27,0,111,67,994,2015-03-01,01067
AL,Houston,1745,1675,913,140,0,560,391,5424,2018-12-01,01069
AL,Houston,1741,1702,904,130,0,566,372,5415,2018-09-01,01069
AL,Houston,1732,1711,889,129,0,554,369,5384,2018-06-01,01069
AL,Houston,1726,1722,867,134,0,529,357,5335,2018-03-01,01069
AL,Houston,1723,1696,845,125,0,534,375,5298,2017-12-01,01069
AL,Houston,1707,1717,833,122,0,507,381,5267,2017-09-01,01069
AL,Houston,1686,1723,832,113,0,503,380,5237,2017-06-01,01069
AL,Houston,1680,1721,841,120,0,501,355,5218,2017-03-01,01069
AL,HOUSTON,1655,1897,876,143,0,463,415,5449,2016-12-01,01069
AL,HOUSTON,1643,1899,880,137,0,456,442,5457,2016-09-01,01069
AL,HOUSTON,1637,1914,880,136,0,461,427,5455,2016-06-01,01069
AL,HOUSTON,1626,1938,897,135,0,460,416,5472,2016-03-01,01069
AL,HOUSTON,1597,1910,891,126,0,452,407,5383,2015-12-01,01069
AL,HOUSTON,1583,1929,888,128,0,451,408,5387,2015-09-01,01069
AL,HOUSTON,1581,1914,862,124,0,439,425,5345,2015-06-01,01069
AL,HOUSTON,1568,1911,847,129,0,442,411,5308,2015-03-01,01069
AL,Jackson,923,649,496,57,0,285,157,2567,2018-12-01,01071
AL,Jackson,882,665,490,54,0,269,157,2517,2018-09-01,01071
AL,Jackson,929,659,511,49,0,266,161,2575,2018-06-01,01071
AL,Jackson,926,666,521,50,0,264,150,2577,2018-03-01,01071
AL,Jackson,910,662,514,49,0,255,160,2550,2017-12-01,01071
AL,Jackson,917,671,515,51,0,246,174,2574,2017-09-01,01071
AL,Jackson,924,679,511,58,0,252,171,2595,2017-06-01,01071
AL,Jackson,919,687,516,59,0,254,165,2600,2017-03-01,01071
AL,JACKSON,931,666,543,45,0,279,174,2638,2016-12-01,01071
AL,JACKSON,940,676,536,45,0,278,178,2653,2016-09-01,01071
AL,JACKSON,949,675,532,43,0,280,177,2656,2016-06-01,01071
AL,JACKSON,944,676,530,41,0,282,177,2650,2016-03-01,01071
AL,JACKSON,952,687,547,43,0,287,170,2686,2015-12-01,01071
AL,JACKSON,964,693,544,42,0,287,178,2708,2015-09-01,01071
AL,JACKSON,950,700,546,43,0,288,186,2713,2015-06-01,01071
AL,JACKSON,941,715,536,44,0,284,178,2698,2015-03-01,01071
AL,Jefferson,8898,8237,4381,473,0,2677,2250,26916,2018-12-01,01073
AL,Jefferson,8833,8247,4363,466,0,2651,2241,26801,2018-09-01,01073
AL,Jefferson,8824,8214,4320,469,0,2630,2237,26694,2018-06-01,01073
AL,Jefferson,8838,8251,4380,486,0,2612,2087,26654,2018-03-01,01073
AL,Jefferson,8848,8206,4351,485,0,2593,2140,26623,2017-12-01,01073
AL,Jefferson,8658,8249,4505,503,0,2594,2132,26641,2017-09-01,01073
AL,Jefferson,8589,8228,4487,484,0,2579,2142,26509,2017-06-01,01073
AL,Jefferson,8570,8282,4530,485,0,2557,2102,26526,2017-03-01,01073
AL,JEFFERSON,8955,8536,4791,509,0,2743,2274,27808,2016-12-01,01073
AL,JEFFERSON,8914,8613,4773,521,0,2720,2340,27881,2016-09-01,01073
AL,JEFFERSON,8865,8654,4741,524,0,2703,2325,27812,2016-06-01,01073
AL,JEFFERSON,8855,8694,4787,526,0,2697,2265,27824,2016-03-01,01073
AL,JEFFERSON,8851,8612,4836,507,0,2671,2307,27784,2015-12-01,01073
AL,JEFFERSON,8831,8776,4802,507,0,2630,2213,27759,2015-09-01,01073
AL,JEFFERSON,8807,8790,4815,492,0,2638,2187,27729,2015-06-01,01073
AL,JEFFERSON,8756,8787,4816,505,0,2603,2106,27573,2015-03-01,01073
AL,Lamar,281,305,166,17,0,104,58,931,2018-12-01,01075
AL,Lamar,275,309,161,17,0,104,62,928,2018-09-01,01075
AL,Lamar,286,313,155,19,0,105,67,945,2018-06-01,01075
AL,Lamar,291,311,154,24,0,105,61,946,2018-03-01,01075
AL,Lamar,306,310,151,22,0,104,62,955,2017-12-01,01075
AL,Lamar,300,323,152,23,0,105,60,963,2017-09-01,01075
AL,Lamar,297,316,155,23,0,100,63,954,2017-06-01,01075
AL,Lamar,290,316,165,23,0,98,64,956,2017-03-01,01075
AL,LAMAR,282,303,169,21,0,103,67,945,2016-12-01,01075
AL,LAMAR,281,304,176,20,0,106,65,952,2016-09-01,01075
AL,LAMAR,283,305,186,18,0,104,60,956,2016-06-01,01075
AL,LAMAR,286,303,187,19,0,105,63,963,2016-03-01,01075
AL,LAMAR,277,295,190,24,0,101,64,951,2015-12-01,01075
AL,LAMAR,276,302,187,24,0,96,66,951,2015-09-01,01075
AL,LAMAR,279,301,190,19,0,104,62,955,2015-06-01,01075
AL,LAMAR,283,302,184,23,0,106,56,954,2015-03-01,01075
AL,Lauderdale,1408,1102,732,90,0,433,287,4052,2018-12-01,01077
AL,Lauderdale,1411,1097,724,89,0,425,286,4032,2018-09-01,01077
AL,Lauderdale,1414,1120,718,94,0,419,290,4055,2018-06-01,01077
AL,Lauderdale,1430,1120,729,93,0,408,268,4048,2018-03-01,01077
AL,Lauderdale,1416,1116,734,93,0,396,278,4033,2017-12-01,01077
AL,Lauderdale,1388,1128,735,91,0,393,284,4019,2017-09-01,01077
AL,Lauderdale,1367,1115,748,86,0,393,287,3996,2017-06-01,01077
AL,Lauderdale,1344,1113,746,91,0,394,274,3962,2017-03-01,01077
AL,LAUDERDALE,1416,1308,780,101,0,418,338,4361,2016-12-01,01077
AL,LAUDERDALE,1401,1339,775,102,0,410,330,4357,2016-09-01,01077
AL,LAUDERDALE,1400,1347,782,108,0,411,323,4371,2016-06-01,01077
AL,LAUDERDALE,1403,1352,785,102,0,411,310,4363,2016-03-01,01077
AL,LAUDERDALE,1416,1349,775,96,0,400,285,4321,2015-12-01,01077
AL,LAUDERDALE,1412,1380,770,98,0,388,286,4334,2015-09-01,01077
AL,LAUDERDALE,1403,1392,778,97,0,376,293,4339,2015-06-01,01077
AL,LAUDERDALE,1401,1383,760,96,0,357,299,4296,2015-03-01,01077
AL,Lawrence,536,551,309,19,0,160,99,1674,2018-12-01,01079
AL,Lawrence,538,556,318,20,0,150,91,1673,2018-09-01,01079
AL,Lawrence,539,557,317,22,0,151,93,1679,2018-06-01,01079
AL,Lawrence,530,556,322,25,0,144,87,1664,2018-03-01,01079
AL,Lawrence,525,557,305,28,0,146,84,1645,2017-12-01,01079
AL,Lawrence,520,562,308,24,0,146,86,1646,2017-09-01,01079
AL,Lawrence,528,563,307,23,0,141,89,1651,2017-06-01,01079
AL,Lawrence,517,568,303,24,0,138,88,1638,2017-03-01,01079
AL,LAWRENCE,380,426,244,16,0,119,80,1265,2016-12-01,01079
AL,LAWRENCE,383,425,238,16,0,118,80,1260,2016-09-01,01079
AL,LAWRENCE,380,427,239,17,0,118,80,1261,2016-06-01,01079
AL,LAWRENCE,378,431,239,20,0,118,76,1262,2016-03-01,01079
AL,LAWRENCE,383,430,241,16,0,121,68,1259,2015-12-01,01079
AL,LAWRENCE,384,441,236,15,0,122,66,1264,2015-09-01,01079
AL,LAWRENCE,385,446,235,17,0,122,63,1268,2015-06-01,01079
AL,LAWRENCE,381,454,243,12,0,121,66,1277,2015-03-01,01079
AL,Lee,1213,1164,707,60,0,341,331,3816,2018-12-01,01081
AL,Lee,1204,1169,704,58,0,328,325,3788,2018-09-01,01081
AL,Lee,1204,1172,692,58,0,319,313,3758,2018-06-01,01081
AL,Lee,1187,1189,690,61,0,327,300,3754,2018-03-01,01081
AL,Lee,1199,1174,667,63,0,323,312,3738,2017-12-01,01081
AL,Lee,1163,1173,662,65,0,334,311,3708,2017-09-01,01081
AL,Lee,1161,1160,659,64,0,340,311,3695,2017-06-01,01081
AL,Lee,1168,1163,651,66,0,337,301,3686,2017-03-01,01081
AL,LEE,1126,1253,641,70,0,313,299,3702,2016-12-01,01081
AL,LEE,1142,1274,635,71,0,312,307,3741,2016-09-01,01081
AL,LEE,1126,1290,644,75,0,307,297,3739,2016-06-01,01081
AL,LEE,1124,1296,642,76,0,301,298,3737,2016-03-01,01081
AL,LEE,1133,1276,656,65,0,306,278,3714,2015-12-01,01081
AL,LEE,1106,1306,647,67,0,304,275,3705,2015-09-01,01081
AL,LEE,1095,1306,652,69,0,300,278,3700,2015-06-01,01081
AL,LEE,1096,1282,645,67,0,297,278,3665,2015-03-01,01081
AL,Limestone,981,801,484,42,0,272,168,2748,2018-12-01,01083
AL,Limestone,941,811,472,39,0,250,159,2672,2018-09-01,01083
AL,Limestone,986,806,485,38,0,257,185,2757,2018-06-01,01083
AL,Limestone,1004,821,490,42,0,249,157,2763,2018-03-01,01083
AL,Limestone,992,814,491,50,0,238,168,2753,2017-12-01,01083
AL,Limestone,979,835,490,46,0,245,168,2763,2017-09-01,01083
AL,Limestone,960,836,502,46,0,246,170,2760,2017-06-01,01083
AL,Limestone,955,850,509,45,0,256,171,2786,2017-03-01,01083
AL,LIMESTONE,880,734,467,42,0,243,155,2521,2016-12-01,01083
AL,LIMESTONE,876,743,462,44,0,241,169,2535,2016-09-01,01083
AL,LIMESTONE,877,746,459,43,0,238,161,2524,2016-06-01,01083
AL,LIMESTONE,881,756,468,41,0,243,150,2539,2016-03-01,01083
AL,LIMESTONE,875,755,479,41,0,232,151,2533,2015-12-01,01083
AL,LIMESTONE,874,764,474,36,0,238,154,2540,2015-09-01,01083
AL,LIMESTONE,853,781,473,34,0,231,166,2538,2015-06-01,01083
AL,LIMESTONE,846,792,463,34,0,227,150,2512,2015-03-01,01083
AL,Lowndes,386,356,167,12,0,95,68,1084,2018-12-01,01085
AL,Lowndes,378,357,166,12,0,91,67,1071,2018-09-01,01085
AL,Lowndes,386,358,166,14,0,86,63,1073,2018-06-01,01085
AL,Lowndes,390,368,164,11,0,84,64,1081,2018-03-01,01085
AL,Lowndes,391,374,161,13,0,86,65,1090,2017-12-01,01085
AL,Lowndes,397,374,161,14,0,88,65,1099,2017-09-01,01085
AL,Lowndes,389,376,155,14,0,88,66,1088,2017-06-01,01085
AL,Lowndes,389,372,148,15,0,86,65,1075,2017-03-01,01085
AL,LOWNDES,343,294,137,,0,65,51,890,2016-12-01,01085
AL,LOWNDES,340,299,142,,0,62,53,896,2016-09-01,01085
AL,LOWNDES,336,309,142,,0,63,49,899,2016-06-01,01085
AL,LOWNDES,337,306,149,,0,63,44,899,2016-03-01,01085
AL,LOWNDES,334,306,150,,0,61,43,894,2015-12-01,01085
AL,LOWNDES,337,309,144,,0,57,45,892,2015-09-01,01085
AL,LOWNDES,342,307,138,,0,51,44,882,2015-06-01,01085
AL,LOWNDES,340,307,133,,0,47,44,871,2015-03-01,01085
AL,Macon,412,443,191,15,0,82,94,1237,2018-12-01,01087
AL,Macon,415,448,186,13,0,78,82,1222,2018-09-01,01087
AL,Macon,405,444,182,11,0,81,80,1203,2018-06-01,01087
AL,Macon,404,445,179,15,0,77,78,1198,2018-03-01,01087
AL,Macon,412,453,182,15,0,75,88,1225,2017-12-01,01087
AL,Macon,404,457,180,13,0,77,90,1221,2017-09-01,01087
AL,Macon,399,450,178,12,0,78,84,1201,2017-06-01,01087
AL,Macon,385,456,181,11,0,79,81,1193,2017-03-01,01087
AL,MACON,426,487,222,17,0,97,103,1352,2016-12-01,01087
AL,MACON,424,492,222,16,0,101,104,1359,2016-09-01,01087
AL,MACON,421,496,220,14,0,103,98,1352,2016-06-01,01087
AL,MACON,407,502,219,11,0,100,95,1334,2016-03-01,01087
AL,MACON,399,493,224,11,0,93,86,1306,2015-12-01,01087
AL,MACON,407,492,215,11,0,96,86,1307,2015-09-01,01087
AL,MACON,404,492,215,,0,96,90,1297,2015-06-01,01087
AL,MACON,405,500,207,,0,93,91,1296,2015-03-01,01087
AL,Madison,2980,2527,1370,163,0,708,755,8503,2018-12-01,01089
AL,Madison,2844,2534,1325,160,0,667,748,8278,2018-09-01,01089
AL,Madison,2904,2572,1372,160,0,675,760,8443,2018-06-01,01089
AL,Madison,2893,2633,1378,166,0,660,704,8434,2018-03-01,01089
AL,Madison,2834,2556,1370,170,0,633,731,8294,2017-12-01,01089
AL,Madison,2817,2553,1380,166,0,626,748,8290,2017-09-01,01089
AL,Madison,2748,2592,1415,159,0,625,712,8251,2017-06-01,01089
AL,Madison,2722,2626,1424,155,0,620,708,8255,2017-03-01,01089
AL,MADISON,2851,2730,1456,158,0,644,734,8573,2016-12-01,01089
AL,MADISON,2824,2773,1450,157,0,644,761,8609,2016-09-01,01089
AL,MADISON,2811,2793,1441,157,0,649,719,8570,2016-06-01,01089
AL,MADISON,2782,2816,1434,168,0,653,713,8566,2016-03-01,01089
AL,MADISON,2748,2760,1431,165,0,624,681,8409,2015-12-01,01089
AL,MADISON,2696,2794,1402,154,0,608,710,8364,2015-09-01,01089
AL,MADISON,2673,2801,1406,157,0,601,715,8353,2015-06-01,01089
AL,MADISON,2640,2776,1393,155,0,610,687,8261,2015-03-01,01089
AL,Marengo,505,657,208,19,0,115,118,1622,2018-12-01,01091
AL,Marengo,488,668,204,21,0,109,116,1606,2018-09-01,01091
AL,Marengo,494,666,205,20,0,103,114,1602,2018-06-01,01091
AL,Marengo,492,657,208,21,0,100,111,1589,2018-03-01,01091
AL,Marengo,502,667,204,21,0,99,114,1607,2017-12-01,01091
AL,Marengo,503,666,202,20,0,98,114,1603,2017-09-01,01091
AL,Marengo,501,666,197,19,0,98,116,1597,2017-06-01,01091
AL,Marengo,483,662,196,20,0,96,119,1576,2017-03-01,01091
AL,MARENGO,421,560,184,16,0,78,102,1361,2016-12-01,01091
AL,MARENGO,413,559,181,15,0,81,105,1354,2016-09-01,01091
AL,MARENGO,406,563,176,15,0,78,102,1340,2016-06-01,01091
AL,MARENGO,411,554,181,15,0,78,96,1335,2016-03-01,01091
AL,MARENGO,403,553,180,17,0,76,101,1330,2015-12-01,01091
AL,MARENGO,400,563,179,14,0,77,104,1337,2015-09-01,01091
AL,MARENGO,402,551,171,15,0,76,97,1312,2015-06-01,01091
AL,MARENGO,397,541,168,14,0,73,98,1291,2015-03-01,01091
AL,Marion,581,435,316,22,0,179,102,1635,2018-12-01,01093
AL,Marion,584,444,312,26,0,178,90,1634,2018-09-01,01093
AL,Marion,574,447,317,27,0,181,98,1644,2018-06-01,01093
AL,Marion,571,455,313,30,0,179,94,1642,2018-03-01,01093
AL,Marion,575,454,311,32,0,179,99,1650,2017-12-01,01093
AL,Marion,573,462,321,34,0,172,92,1654,2017-09-01,01093
AL,Marion,567,470,325,31,0,169,94,1656,2017-06-01,01093
AL,Marion,562,479,322,31,0,168,98,1660,2017-03-01,01093
AL,MARION,537,440,284,37,0,154,127,1579,2016-12-01,01093
AL,MARION,529,455,289,38,0,158,124,1593,2016-09-01,01093
AL,MARION,534,465,289,40,0,163,118,1609,2016-06-01,01093
AL,MARION,520,478,283,39,0,162,111,1593,2016-03-01,01093
AL,MARION,514,458,285,41,0,160,121,1579,2015-12-01,01093
AL,MARION,513,465,287,41,0,157,115,1578,2015-09-01,01093
AL,MARION,519,470,293,41,0,154,118,1595,2015-06-01,01093
AL,MARION,515,483,290,43,0,161,105,1597,2015-03-01,01093
AL,Marshall,1438,1233,788,91,0,429,274,4253,2018-12-01,01095
AL,Marshall,1421,1240,763,85,0,411,275,4195,2018-09-01,01095
AL,Marshall,1436,1250,772,78,0,418,286,4240,2018-06-01,01095
AL,Marshall,1449,1268,797,81,0,418,269,4282,2018-03-01,01095
AL,Marshall,1470,1264,771,83,0,417,263,4268,2017-12-01,01095
AL,Marshall,1464,1280,771,83,0,417,266,4281,2017-09-01,01095
AL,Marshall,1451,1273,781,75,0,410,257,4247,2017-06-01,01095
AL,Marshall,1437,1280,790,68,0,413,254,4242,2017-03-01,01095
AL,MARSHALL,1502,1463,888,95,0,465,312,4725,2016-12-01,01095
AL,MARSHALL,1500,1492,878,95,0,458,296,4719,2016-09-01,01095
AL,MARSHALL,1478,1517,889,92,0,454,274,4704,2016-06-01,01095
AL,MARSHALL,1450,1552,890,95,0,466,273,4726,2016-03-01,01095
AL,MARSHALL,1478,1529,889,100,0,463,264,4723,2015-12-01,01095
AL,MARSHALL,1488,1550,873,97,0,452,256,4716,2015-09-01,01095
AL,MARSHALL,1482,1566,850,91,0,461,261,4711,2015-06-01,01095
AL,MARSHALL,1479,1551,842,90,0,461,263,4686,2015-03-01,01095
AL,Mobile,6405,5671,3052,349,0,1690,1448,18615,2018-12-01,01097
AL,Mobile,6290,5695,3014,335,0,1701,1448,18483,2018-09-01,01097
AL,Mobile,6309,5692,3000,326,0,1690,1462,18479,2018-06-01,01097
AL,Mobile,6248,5745,3020,332,,1707,1348,18400,2018-03-01,01097
AL,Mobile,6157,5731,2981,335,0,1696,1368,18268,2017-12-01,01097
AL,Mobile,6095,5718,2959,354,0,1644,1420,18190,2017-09-01,01097
AL,Mobile,5992,5718,2955,359,0,1636,1384,18044,2017-06-01,01097
AL,Mobile,5907,5772,2971,378,0,1619,1381,18028,2017-03-01,01097
AL,MOBILE,5932,5701,2990,360,0,1653,1479,18115,2016-12-01,01097
AL,MOBILE,5798,5745,2990,359,0,1630,1535,18057,2016-09-01,01097
AL,MOBILE,5712,5801,2979,356,,1646,1463,17957,2016-06-01,01097
AL,MOBILE,5632,5840,2972,359,,1640,1438,17881,2016-03-01,01097
AL,MOBILE,5660,5765,2974,355,,1611,1430,17795,2015-12-01,01097
AL,MOBILE,5619,5814,2940,355,,1578,1474,17780,2015-09-01,01097
AL,MOBILE,5611,5810,2926,354,0,1547,1494,17742,2015-06-01,01097
AL,MOBILE,5528,5825,2903,345,0,1533,1439,17573,2015-03-01,01097
AL,Monroe,449,445,209,43,0,99,98,1343,2018-12-01,01099
AL,Monroe,430,448,193,36,0,96,99,1302,2018-09-01,01099
AL,Monroe,429,451,199,35,0,97,101,1312,2018-06-01,01099
AL,Monroe,431,447,193,34,0,103,92,1300,2018-03-01,01099
AL,Monroe,427,443,190,35,0,97,87,1279,2017-12-01,01099
AL,Monroe,423,452,186,34,0,100,85,1280,2017-09-01,01099
AL,Monroe,422,449,184,36,0,101,83,1275,2017-06-01,01099
AL,Monroe,419,454,188,35,0,101,74,1271,2017-03-01,01099
AL,MONROE,383,381,189,32,0,94,89,1168,2016-12-01,01099
AL,MONROE,372,382,180,33,0,94,93,1154,2016-09-01,01099
AL,MONROE,367,385,176,33,0,89,88,1138,2016-06-01,01099
AL,MONROE,366,394,173,34,0,86,78,1131,2016-03-01,01099
AL,MONROE,359,392,174,35,0,89,80,1129,2015-12-01,01099
AL,MONROE,363,397,175,31,0,90,74,1130,2015-09-01,01099
AL,MONROE,365,394,179,29,0,88,81,1136,2015-06-01,01099
AL,MONROE,377,400,178,29,0,89,75,1148,2015-03-01,01099
AL,Montgomery,3620,3420,1549,144,,862,665,10260,2018-12-01,01101
AL,Montgomery,3578,3412,1529,139,,860,673,10191,2018-09-01,01101
AL,Montgomery,3550,3421,1512,141,,856,661,10141,2018-06-01,01101
AL,Montgomery,3565,3452,1512,140,0,833,599,10101,2018-03-01,01101
AL,Montgomery,3518,3426,1499,138,0,824,628,10033,2017-12-01,01101
AL,Montgomery,3456,3466,1491,142,0,819,632,10006,2017-09-01,01101
AL,Montgomery,3408,3439,1485,148,0,818,659,9957,2017-06-01,01101
AL,Montgomery,3347,3465,1519,144,0,804,632,9911,2017-03-01,01101
AL,MONTGOMERY,3461,3825,1630,192,0,839,750,10697,2016-12-01,01101
AL,MONTGOMERY,3428,3908,1611,193,0,820,710,10670,2016-09-01,01101
AL,MONTGOMERY,3383,3920,1586,183,0,803,716,10591,2016-06-01,01101
AL,MONTGOMERY,3366,3944,1590,184,0,790,680,10554,2016-03-01,01101
AL,MONTGOMERY,3313,3916,1595,180,0,789,682,10475,2015-12-01,01101
AL,MONTGOMERY,3285,3975,1583,184,0,773,683,10483,2015-09-01,01101
AL,MONTGOMERY,3252,3992,1578,187,0,768,684,10461,2015-06-01,01101
AL,MONTGOMERY,3215,3970,1576,178,0,762,665,10366,2015-03-01,01101
AL,Morgan,1396,1405,672,105,0,418,382,4378,2018-12-01,01103
AL,Morgan,1407,1403,665,96,0,418,376,4365,2018-09-01,01103
AL,Morgan,1421,1405,647,98,0,420,383,4374,2018-06-01,01103
AL,Morgan,1417,1433,641,100,0,412,347,4350,2018-03-01,01103
AL,Morgan,1380,1464,624,103,0,417,336,4324,2017-12-01,01103
AL,Morgan,1374,1458,617,107,0,400,348,4304,2017-09-01,01103
AL,Morgan,1368,1460,617,107,0,409,343,4304,2017-06-01,01103
AL,Morgan,1323,1472,655,110,0,413,336,4309,2017-03-01,01103
AL,MORGAN,1472,1641,740,122,0,427,385,4787,2016-12-01,01103
AL,MORGAN,1462,1658,731,123,0,434,384,4792,2016-09-01,01103
AL,MORGAN,1460,1674,729,120,0,431,360,4774,2016-06-01,01103
AL,MORGAN,1450,1688,750,116,0,428,356,4788,2016-03-01,01103
AL,MORGAN,1463,1663,748,104,0,414,346,4738,2015-12-01,01103
AL,MORGAN,1453,1697,743,104,0,412,342,4751,2015-09-01,01103
AL,MORGAN,1445,1679,745,110,0,415,334,4728,2015-06-01,01103
AL,MORGAN,1452,1683,745,111,0,405,332,4728,2015-03-01,01103
AL,Perry,354,430,147,19,0,67,68,1085,2018-12-01,01105
AL,Perry,356,431,144,15,0,59,68,1073,2018-09-01,01105
AL,Perry,354,425,138,12,0,60,71,1060,2018-06-01,01105
AL,Perry,357,417,135,12,0,58,62,1041,2018-03-01,01105
AL,Perry,360,416,136,12,0,56,64,1044,2017-12-01,01105
AL,Perry,358,414,133,12,0,54,65,1036,2017-09-01,01105
AL,Perry,354,415,131,12,0,54,66,1032,2017-06-01,01105
AL,Perry,342,417,133,14,0,55,67,1028,2017-03-01,01105
AL,PERRY,317,381,139,15,0,45,60,957,2016-12-01,01105
AL,PERRY,319,377,140,14,0,46,67,963,2016-09-01,01105
AL,PERRY,321,381,140,11,0,48,59,960,2016-06-01,01105
AL,PERRY,319,389,138,11,0,49,63,969,2016-03-01,01105
AL,PERRY,307,372,140,12,0,44,71,946,2015-12-01,01105
AL,PERRY,299,383,134,12,0,46,63,937,2015-09-01,01105
AL,PERRY,308,381,126,13,0,46,64,938,2015-06-01,01105
AL,PERRY,308,382,120,14,0,46,56,926,2015-03-01,01105
AL,Pickens,386,529,199,25,0,90,111,1340,2018-12-01,01107
AL,Pickens,382,533,199,26,0,89,108,1337,2018-09-01,01107
AL,Pickens,386,538,197,24,0,81,106,1332,2018-06-01,01107
AL,Pickens,389,541,192,24,0,79,101,1326,2018-03-01,01107
AL,Pickens,389,558,188,25,0,81,104,1345,2017-12-01,01107
AL,Pickens,387,557,189,26,0,80,107,1346,2017-09-01,01107
AL,Pickens,389,558,190,22,0,81,112,1352,2017-06-01,01107
AL,Pickens,374,558,202,22,0,83,116,1355,2017-03-01,01107
AL,PICKENS,372,508,204,14,0,81,97,1276,2016-12-01,01107
AL,PICKENS,372,509,201,17,0,84,100,1283,2016-09-01,01107
AL,PICKENS,381,514,192,16,0,86,99,1288,2016-06-01,01107
AL,PICKENS,375,514,197,17,0,83,102,1288,2016-03-01,01107
AL,PICKENS,366,515,200,18,0,84,98,1281,2015-12-01,01107
AL,PICKENS,374,515,197,18,0,81,94,1279,2015-09-01,01107
AL,PICKENS,364,516,200,18,0,78,94,1270,2015-06-01,01107
AL,PICKENS,366,511,194,17,0,79,94,1261,2015-03-01,01107
AL,Pike,585,600,255,33,0,139,129,1741,2018-12-01,01109
AL,Pike,584,608,252,30,0,133,128,1735,2018-09-01,01109
AL,Pike,590,593,244,29,0,128,123,1707,2018-06-01,01109
AL,Pike,601,591,245,29,0,123,118,1707,2018-03-01,01109
AL,Pike,604,600,234,30,0,130,127,1725,2017-12-01,01109
AL,Pike,595,600,229,32,0,124,127,1707,2017-09-01,01109
AL,Pike,594,607,223,30,0,119,129,1702,2017-06-01,01109
AL,Pike,591,611,218,29,0,121,112,1682,2017-03-01,01109
AL,PIKE,590,576,237,19,0,130,87,1639,2016-12-01,01109
AL,PIKE,578,580,231,19,0,125,87,1620,2016-09-01,01109
AL,PIKE,579,590,231,18,0,125,87,1630,2016-06-01,01109
AL,PIKE,577,592,231,18,0,127,80,1625,2016-03-01,01109
AL,PIKE,557,582,248,22,0,126,83,1618,2015-12-01,01109
AL,PIKE,555,592,245,18,0,123,75,1608,2015-09-01,01109
AL,PIKE,550,587,243,18,0,117,75,1590,2015-06-01,01109
AL,PIKE,553,588,240,17,0,119,76,1593,2015-03-01,01109
AL,Randolph,417,327,239,32,0,125,108,1248,2018-12-01,01111
AL,Randolph,410,336,233,30,0,125,97,1231,2018-09-01,01111
AL,Randolph,412,331,237,32,0,129,94,1235,2018-06-01,01111
AL,Randolph,396,330,233,32,0,128,85,1204,2018-03-01,01111
AL,Randolph,387,337,236,33,0,125,83,1201,2017-12-01,01111
AL,Randolph,390,334,240,35,0,127,94,1220,2017-09-01,01111
AL,Randolph,398,334,242,35,0,124,94,1227,2017-06-01,01111
AL,Randolph,398,334,243,38,0,126,91,1230,2017-03-01,01111
AL,RANDOLPH,380,276,233,17,0,127,52,1085,2016-12-01,01111
AL,RANDOLPH,375,277,236,17,0,126,52,1083,2016-09-01,01111
AL,RANDOLPH,377,283,236,16,0,119,52,1083,2016-06-01,01111
AL,RANDOLPH,375,283,240,16,0,119,54,1087,2016-03-01,01111
AL,RANDOLPH,384,286,246,17,0,126,55,1114,2015-12-01,01111
AL,RANDOLPH,385,294,243,17,0,125,60,1124,2015-09-01,01111
AL,RANDOLPH,386,292,251,18,0,121,58,1126,2015-06-01,01111
AL,RANDOLPH,389,323,247,31,0,115,79,1184,2015-03-01,01111
AL,Russell,828,704,455,39,0,236,216,2478,2018-12-01,01113
AL,Russell,819,704,450,42,0,231,223,2469,2018-09-01,01113
AL,Russell,813,696,445,41,0,238,224,2457,2018-06-01,01113
AL,Russell,802,701,446,41,0,241,216,2447,2018-03-01,01113
AL,Russell,766,714,439,41,0,236,220,2416,2017-12-01,01113
AL,Russell,749,720,440,43,0,241,211,2404,2017-09-01,01113
AL,Russell,744,713,437,38,0,244,215,2391,2017-06-01,01113
AL,Russell,739,706,445,38,0,247,202,2377,2017-03-01,01113
AL,RUSSELL,794,706,484,37,0,266,209,2496,2016-12-01,01113
AL,RUSSELL,793,698,480,40,0,268,223,2502,2016-09-01,01113
AL,RUSSELL,768,697,488,40,0,263,228,2484,2016-06-01,01113
AL,RUSSELL,751,705,472,39,0,259,210,2436,2016-03-01,01113
AL,RUSSELL,767,698,471,38,0,255,182,2411,2015-12-01,01113
AL,RUSSELL,756,699,472,38,0,264,202,2431,2015-09-01,01113
AL,RUSSELL,770,695,470,37,0,264,208,2444,2015-06-01,01113
AL,RUSSELL,763,703,465,43,0,256,198,2428,2015-03-01,01113
AL,St. Clair,1029,825,597,45,0,373,183,3052,2018-12-01,01115
AL,St. Clair,1038,831,590,43,0,374,177,3053,2018-09-01,01115
AL,St. Clair,1048,834,593,44,0,376,178,3073,2018-06-01,01115
AL,St. Clair,1046,845,592,44,0,374,158,3059,2018-03-01,01115
AL,St. Clair,1049,834,581,40,0,384,155,3043,2017-12-01,01115
AL,St. Clair,1016,834,592,42,0,379,170,3033,2017-09-01,01115
AL,St. Clair,1004,832,590,41,0,377,163,3007,2017-06-01,01115
AL,St. Clair,1012,839,599,43,0,378,154,3025,2017-03-01,01115
AL,ST. CLAIR,913,736,541,35,0,330,143,2698,2016-12-01,01115
AL,ST. CLAIR,913,750,541,37,0,335,144,2720,2016-09-01,01115
AL,ST. CLAIR,909,749,548,37,0,338,143,2724,2016-06-01,01115
AL,ST. CLAIR,907,748,546,43,0,339,137,2720,2016-03-01,01115
AL,ST. CLAIR,916,722,552,40,0,330,119,2679,2015-12-01,01115
AL,ST. CLAIR,916,727,547,37,0,319,116,2662,2015-09-01,01115
AL,ST. CLAIR,915,736,537,39,0,326,112,2665,2015-06-01,01115
AL,ST. CLAIR,908,733,551,38,0,327,115,2672,2015-03-01,01115
AL,Shelby,1046,927,636,63,0,376,335,3383,2018-12-01,01117
AL,Shelby,1063,921,633,62,0,384,330,3393,2018-09-01,01117
AL,Shelby,1071,934,641,66,0,385,327,3424,2018-06-01,01117
AL,Shelby,1062,955,638,76,0,393,286,3410,2018-03-01,01117
AL,Shelby,1056,910,619,75,0,380,297,3337,2017-12-01,01117
AL,Shelby,1031,900,637,70,0,371,307,3316,2017-09-01,01117
AL,Shelby,1013,910,620,74,0,369,299,3285,2017-06-01,01117
AL,Shelby,1025,916,617,75,0,368,288,3289,2017-03-01,01117
AL,SHELBY,942,777,546,53,0,318,212,2848,2016-12-01,01117
AL,SHELBY,940,773,549,53,0,322,232,2869,2016-09-01,01117
AL,SHELBY,923,787,546,52,0,320,225,2853,2016-06-01,01117
AL,SHELBY,923,775,550,55,0,317,235,2855,2016-03-01,01117
AL,SHELBY,915,762,549,48,0,322,229,2825,2015-12-01,01117
AL,SHELBY,900,784,548,47,0,320,230,2829,2015-09-01,01117
AL,SHELBY,895,793,556,45,0,321,228,2838,2015-06-01,01117
AL,SHELBY,895,795,551,45,0,318,233,2837,2015-03-01,01117
AL,Sumter,317,489,119,14,0,66,79,1084,2018-12-01,01119
AL,Sumter,308,495,113,14,0,64,79,1073,2018-09-01,01119
AL,Sumter,314,499,115,14,0,61,85,1088,2018-06-01,01119
AL,Sumter,318,506,114,14,0,61,71,1084,2018-03-01,01119
AL,Sumter,320,506,120,12,0,58,69,1085,2017-12-01,01119
AL,Sumter,313,503,117,12,0,57,75,1077,2017-09-01,01119
AL,Sumter,315,499,115,14,0,55,81,1079,2017-06-01,01119
AL,Sumter,305,503,116,13,0,60,69,1066,2017-03-01,01119
AL,SUMTER,301,470,120,,0,56,81,1028,2016-12-01,01119
AL,SUMTER,305,459,118,11,0,54,86,1033,2016-09-01,01119
AL,SUMTER,306,465,120,,0,53,79,1023,2016-06-01,01119
AL,SUMTER,311,468,116,,0,49,78,1022,2016-03-01,01119
AL,SUMTER,304,476,116,,0,46,79,1021,2015-12-01,01119
AL,SUMTER,304,477,114,,0,47,79,1021,2015-09-01,01119
AL,SUMTER,298,479,116,,0,47,80,1020,2015-06-01,01119
AL,SUMTER,295,496,113,,0,42,74,1020,2015-03-01,01119
AL,Talladega,1621,1460,938,79,0,512,312,4922,2018-12-01,01121
AL,Talladega,1595,1461,928,80,0,496,302,4862,2018-09-01,01121
AL,Talladega,1595,1474,921,76,0,498,308,4872,2018-06-01,01121
AL,Talladega,1590,1494,923,78,0,503,291,4879,2018-03-01,01121
AL,Talladega,1584,1499,926,79,0,502,312,4902,2017-12-01,01121
AL,Talladega,1575,1512,937,77,0,491,325,4917,2017-09-01,01121
AL,Talladega,1577,1526,926,80,0,484,321,4914,2017-06-01,01121
AL,Talladega,1576,1554,936,78,0,482,305,4931,2017-03-01,01121
AL,TALLADEGA,1571,1574,944,75,0,487,331,4982,2016-12-01,01121
AL,TALLADEGA,1575,1580,946,77,0,490,350,5018,2016-09-01,01121
AL,TALLADEGA,1541,1606,953,74,0,484,324,4982,2016-06-01,01121
AL,TALLADEGA,1538,1637,939,76,0,491,309,4990,2016-03-01,01121
AL,TALLADEGA,1558,1643,947,72,0,491,303,5014,2015-12-01,01121
AL,TALLADEGA,1563,1681,947,69,0,468,294,5022,2015-09-01,01121
AL,TALLADEGA,1572,1686,947,70,0,481,298,5054,2015-06-01,01121
AL,TALLADEGA,1557,1681,945,68,0,474,295,5020,2015-03-01,01121
AL,Tallapoosa,808,742,545,57,0,275,174,2601,2018-12-01,01123
AL,Tallapoosa,811,739,539,57,0,274,170,2590,2018-09-01,01123
AL,Tallapoosa,810,738,527,55,0,276,166,2572,2018-06-01,01123
AL,Tallapoosa,804,752,524,53,0,271,155,2559,2018-03-01,01123
AL,Tallapoosa,793,743,527,50,0,261,164,2538,2017-12-01,01123
AL,Tallapoosa,781,742,517,50,0,251,167,2508,2017-09-01,01123
AL,Tallapoosa,777,736,517,46,0,254,174,2504,2017-06-01,01123
AL,Tallapoosa,784,733,514,50,0,260,165,2506,2017-03-01,01123
AL,TALLAPOOSA,785,826,482,61,0,239,211,2604,2016-12-01,01123
AL,TALLAPOOSA,784,836,479,63,0,244,204,2610,2016-09-01,01123
AL,TALLAPOOSA,790,841,480,68,0,245,203,2627,2016-06-01,01123
AL,TALLAPOOSA,783,858,480,73,0,249,193,2636,2016-03-01,01123
AL,TALLAPOOSA,763,852,475,77,0,245,197,2609,2015-12-01,01123
AL,TALLAPOOSA,751,856,474,74,0,253,203,2611,2015-09-01,01123
AL,TALLAPOOSA,752,866,463,77,0,250,192,2600,2015-06-01,01123
AL,TALLAPOOSA,741,857,464,76,0,245,182,2565,2015-03-01,01123
AL,Tuscaloosa,2095,2586,1099,165,0,607,504,7056,2018-12-01,01125
AL,Tuscaloosa,2060,2608,1077,168,0,600,512,7025,2018-09-01,01125
AL,Tuscaloosa,2106,2596,1083,165,0,597,521,7068,2018-06-01,01125
AL,Tuscaloosa,2131,2642,1106,163,0,565,482,7089,2018-03-01,01125
AL,Tuscaloosa,2130,2632,1072,169,0,572,491,7066,2017-12-01,01125
AL,Tuscaloosa,2090,2646,1055,164,0,567,506,7028,2017-09-01,01125
AL,Tuscaloosa,2085,2632,1034,159,0,572,504,6986,2017-06-01,01125
AL,Tuscaloosa,2028,2667,1054,156,0,563,498,6966,2017-03-01,01125